pattern_id,record_id,split,member_within_pattern
P-001,record_00001,train,1
P-001,record_00002,train,2
P-001,record_00003,train,3
P-001,record_00004,train,4
P-002,record_00005,train,1
P-002,record_00006,train,2
P-002,record_00007,train,3
P-002,record_00008,train,4
P-003,record_00009,train,1
P-003,record_00010,train,2
P-003,record_00011,train,3
P-003,record_00012,train,4
P-004,record_00013,train,1
P-004,record_00014,train,2
P-004,record_00015,train,3
P-004,record_00016,train,4
P-005,record_00017,train,1
P-005,record_00018,train,2
P-005,record_00019,train,3
P-005,record_00020,train,4
P-006,record_00021,train,1
P-006,record_00022,train,2
P-006,record_00023,train,3
P-006,record_00024,train,4
P-007,record_00025,train,1
P-007,record_00026,train,2
P-007,record_00027,train,3
P-007,record_00028,train,4
P-008,record_00029,validation,1
P-008,record_00030,validation,2
P-008,record_00031,validation,3
P-008,record_00032,validation,4
P-009,record_00033,validation,1
P-009,record_00034,validation,2
P-009,record_00035,validation,3
P-009,record_00036,validation,4
P-010,record_00037,validation,1
P-010,record_00038,validation,2
P-010,record_00039,validation,3
P-010,record_00040,validation,4
P-011,record_00041,test,1
P-011,record_00042,test,2
P-011,record_00043,test,3
P-011,record_00044,test,4
P-012,record_00045,test,1
P-012,record_00046,test,2
P-012,record_00047,test,3
P-012,record_00048,test,4
