model,modality,available_records,gate_mean,gate_std,gate_min,gate_median,gate_max,quality_gate_correlation,missing_rows_zero
v1,location,12,0.5032461285591125,0.0,0.5032461285591125,0.5032461285591125,0.5032461285591125,,True
v1,narrative,11,0.5022504925727844,0.0,0.5022504925727844,0.5022504925727844,0.5022504925727844,,True
v1,suspect,11,0.5013498067855835,0.0,0.5013498067855835,0.5013498067855835,0.5013498067855835,,True
v1,time,10,0.5033434629440308,0.0,0.5033434629440308,0.5033434629440308,0.5033434629440308,,True
v1,weapon,6,0.5040571093559265,0.0,0.5040571093559265,0.5040571093559265,0.5040571093559265,,True
v11,location,12,0.4999399905403455,0.014097600110606677,0.48073333501815796,0.4973485916852951,0.5229485034942627,0.9999999842341463,True
v11,narrative,11,0.32709079709920014,0.012872478001274765,0.29986417293548584,0.32867392897605896,0.3548339903354645,0.9998539133845279,True
v11,suspect,11,0.5198253799568523,0.011587500443434996,0.49693289399147034,0.5248382687568665,0.5355988144874573,-0.9999997847073476,True
v11,time,10,0.4137016385793686,0.05232664953190804,0.3581777811050415,0.38274531066417694,0.49630191922187805,-0.9999667350999042,True
v11,weapon,6,0.4275755782922109,0.02091417298157508,0.409824013710022,0.4155755043029785,0.4623700678348541,0.9999975861916579,True
v2,location,12,0.49416885773340863,0.013420725097072542,0.4758886992931366,0.49169810116291046,0.5160791277885437,0.9999999716920678,True
v2,narrative,11,0.32611578702926636,0.012775163785346641,0.2990947365760803,0.32768696546554565,0.3536491096019745,0.9998540336109012,True
v2,suspect,11,0.5177223276008259,0.011738507133932057,0.4945337474346161,0.5227999687194824,0.5337027907371521,-0.9999998330440398,True
v2,time,10,0.4087761610746384,0.052852464628707935,0.3527442514896393,0.3774850070476532,0.49224674701690674,-0.9999613611726298,True
v2,weapon,6,0.4208183338244756,0.020259680544682405,0.40362513065338135,0.4091919958591461,0.4545288383960724,0.9999971831560037,True
