model,record_id,pattern_id,modality,available,quality,gate
v1,record_00029,P-008,location,True,0.5788818001747131,0.5032461285591125
v1,record_00029,P-008,time,True,0.4555182158946991,0.5033434629440308
v1,record_00029,P-008,narrative,True,0.35312965512275696,0.5022504925727844
v1,record_00029,P-008,suspect,True,0.5960438251495361,0.5013498067855835
v1,record_00029,P-008,weapon,False,0.0,0.0
v1,record_00030,P-008,location,True,0.8498914241790771,0.5032461285591125
v1,record_00030,P-008,time,True,0.6110521554946899,0.5033434629440308
v1,record_00030,P-008,narrative,True,0.677132248878479,0.5022504925727844
v1,record_00030,P-008,suspect,True,0.5881935954093933,0.5013498067855835
v1,record_00030,P-008,weapon,False,0.0,0.0
v1,record_00031,P-008,location,True,0.5889917612075806,0.5032461285591125
v1,record_00031,P-008,time,True,0.8944321274757385,0.5033434629440308
v1,record_00031,P-008,narrative,False,0.0,0.0
v1,record_00031,P-008,suspect,True,0.767533004283905,0.5013498067855835
v1,record_00031,P-008,weapon,True,0.40558111667633057,0.5040571093559265
v1,record_00032,P-008,location,True,0.4229375123977661,0.5032461285591125
v1,record_00032,P-008,time,False,0.0,0.0
v1,record_00032,P-008,narrative,True,0.7569271326065063,0.5022504925727844
v1,record_00032,P-008,suspect,True,0.6374102830886841,0.5013498067855835
v1,record_00032,P-008,weapon,True,0.41537371277809143,0.5040571093559265
v1,record_00033,P-009,location,True,0.6454367637634277,0.5032461285591125
v1,record_00033,P-009,time,True,0.8932873010635376,0.5033434629440308
v1,record_00033,P-009,narrative,True,0.574118971824646,0.5022504925727844
v1,record_00033,P-009,suspect,True,0.5917848348617554,0.5013498067855835
v1,record_00033,P-009,weapon,False,0.0,0.0
v1,record_00034,P-009,location,True,0.4896900951862335,0.5032461285591125
v1,record_00034,P-009,time,True,0.9904638528823853,0.5033434629440308
v1,record_00034,P-009,narrative,True,0.7094679474830627,0.5022504925727844
v1,record_00034,P-009,suspect,False,0.0,0.0
v1,record_00034,P-009,weapon,True,0.6592325568199158,0.5040571093559265
v1,record_00035,P-009,location,True,0.39520004391670227,0.5032461285591125
v1,record_00035,P-009,time,True,0.37961345911026,0.5033434629440308
v1,record_00035,P-009,narrative,True,0.76554936170578,0.5022504925727844
v1,record_00035,P-009,suspect,True,0.5837447047233582,0.5013498067855835
v1,record_00035,P-009,weapon,False,0.0,0.0
v1,record_00036,P-009,location,True,0.891595184803009,0.5032461285591125
v1,record_00036,P-009,time,True,0.35278499126434326,0.5033434629440308
v1,record_00036,P-009,narrative,True,0.5520622134208679,0.5022504925727844
v1,record_00036,P-009,suspect,True,0.9384304285049438,0.5013498067855835
v1,record_00036,P-009,weapon,True,0.4259262979030609,0.5040571093559265
v1,record_00037,P-010,location,True,0.7475060820579529,0.5032461285591125
v1,record_00037,P-010,time,False,0.0,0.0
v1,record_00037,P-010,narrative,True,0.7006425857543945,0.5022504925727844
v1,record_00037,P-010,suspect,True,0.5209903120994568,0.5013498067855835
v1,record_00037,P-010,weapon,False,0.0,0.0
v1,record_00038,P-010,location,True,0.8135045766830444,0.5032461285591125
v1,record_00038,P-010,time,True,0.85134357213974,0.5033434629440308
v1,record_00038,P-010,narrative,True,0.6612827181816101,0.5022504925727844
v1,record_00038,P-010,suspect,True,0.7998849749565125,0.5013498067855835
v1,record_00038,P-010,weapon,True,0.4573151767253876,0.5040571093559265
v1,record_00039,P-010,location,True,0.4390082061290741,0.5032461285591125
v1,record_00039,P-010,time,True,0.933045506477356,0.5033434629440308
v1,record_00039,P-010,narrative,True,0.9951571226119995,0.5022504925727844
v1,record_00039,P-010,suspect,True,0.8069370985031128,0.5013498067855835
v1,record_00039,P-010,weapon,False,0.0,0.0
v1,record_00040,P-010,location,True,0.9593043327331543,0.5032461285591125
v1,record_00040,P-010,time,True,0.9518488049507141,0.5033434629440308
v1,record_00040,P-010,narrative,True,0.6965097188949585,0.5022504925727844
v1,record_00040,P-010,suspect,True,0.7749859690666199,0.5013498067855835
v1,record_00040,P-010,weapon,True,0.7305479049682617,0.5040571093559265
v11,record_00029,P-008,location,True,0.5788818001747131,0.49447837471961975
v11,record_00029,P-008,time,True,0.4555182158946991,0.4734302759170532
v11,record_00029,P-008,narrative,True,0.35312965512275696,0.29986417293548584
v11,record_00029,P-008,suspect,True,0.5960438251495361,0.5286648869514465
v11,record_00029,P-008,weapon,False,0.0,0.0
v11,record_00030,P-008,location,True,0.8498914241790771,0.5147674083709717
v11,record_00030,P-008,time,True,0.6110521554946899,0.43904536962509155
v11,record_00030,P-008,narrative,True,0.677132248878479,0.3270106315612793
v11,record_00030,P-008,suspect,True,0.5881935954093933,0.5293907523155212
v11,record_00030,P-008,weapon,False,0.0,0.0
v11,record_00031,P-008,location,True,0.5889917612075806,0.4952353239059448
v11,record_00031,P-008,time,True,0.8944321274757385,0.3780883848667145
v11,record_00031,P-008,narrative,False,0.0,0.0
v11,record_00031,P-008,suspect,True,0.767533004283905,0.5127843618392944
v11,record_00031,P-008,weapon,True,0.40558111667633057,0.409824013710022
v11,record_00032,P-008,location,True,0.4229375123977661,0.48280757665634155
v11,record_00032,P-008,time,False,0.0,0.0
v11,record_00032,P-008,narrative,True,0.7569271326065063,0.3338874578475952
v11,record_00032,P-008,suspect,True,0.6374102830886841,0.5248382687568665
v11,record_00032,P-008,weapon,True,0.41537371277809143,0.41138380765914917
v11,record_00033,P-009,location,True,0.6454367637634277,0.4994618594646454
v11,record_00033,P-009,time,True,0.8932873010635376,0.378328412771225
v11,record_00033,P-009,narrative,True,0.574118971824646,0.31824183464050293
v11,record_00033,P-009,suspect,True,0.5917848348617554,0.5290586948394775
v11,record_00033,P-009,weapon,False,0.0,0.0
v11,record_00034,P-009,location,True,0.4896900951862335,0.48780176043510437
v11,record_00034,P-009,time,True,0.9904638528823853,0.3581777811050415
v11,record_00034,P-009,narrative,True,0.7094679474830627,0.3297886252403259
v11,record_00034,P-009,suspect,False,0.0,0.0
v11,record_00034,P-009,weapon,True,0.6592325568199158,0.4507245719432831
v11,record_00035,P-009,location,True,0.39520004391670227,0.48073333501815796
v11,record_00035,P-009,time,True,0.37961345911026,0.49032366275787354
v11,record_00035,P-009,narrative,True,0.76554936170578,0.3346348702907562
v11,record_00035,P-009,suspect,True,0.5837447047233582,0.5298019647598267
v11,record_00035,P-009,weapon,False,0.0,0.0
v11,record_00036,P-009,location,True,0.891595184803009,0.5178869366645813
v11,record_00036,P-009,time,True,0.35278499126434326,0.49630191922187805
v11,record_00036,P-009,narrative,True,0.5520622134208679,0.31638064980506897
v11,record_00036,P-009,suspect,True,0.9384304285049438,0.49693289399147034
v11,record_00036,P-009,weapon,True,0.4259262979030609,0.41306668519973755
v11,record_00037,P-010,location,True,0.7475060820579529,0.5071044564247131
v11,record_00037,P-010,time,False,0.0,0.0
v11,record_00037,P-010,narrative,True,0.7006425857543945,0.32902923226356506
v11,record_00037,P-010,suspect,True,0.5209903120994568,0.5355988144874573
v11,record_00037,P-010,weapon,False,0.0,0.0
v11,record_00038,P-010,location,True,0.8135045766830444,0.5120446681976318
v11,record_00038,P-010,time,True,0.85134357213974,0.3871622085571289
v11,record_00038,P-010,narrative,True,0.6612827181816101,0.3256533741950989
v11,record_00038,P-010,suspect,True,0.7998849749565125,0.5097845792770386
v11,record_00038,P-010,weapon,True,0.4573151767253876,0.4180843234062195
v11,record_00039,P-010,location,True,0.4390082061290741,0.48400968313217163
v11,record_00039,P-010,time,True,0.933045506477356,0.37002870440483093
v11,record_00039,P-010,narrative,True,0.9951571226119995,0.3548339903354645
v11,record_00039,P-010,suspect,True,0.8069370985031128,0.509130597114563
v11,record_00039,P-010,weapon,False,0.0,0.0
v11,record_00040,P-010,location,True,0.9593043327331543,0.5229485034942627
v11,record_00040,P-010,time,True,0.9518488049507141,0.36612966656684875
v11,record_00040,P-010,narrative,True,0.6965097188949585,0.32867392897605896
v11,record_00040,P-010,suspect,True,0.7749859690666199,0.5120933651924133
v11,record_00040,P-010,weapon,True,0.7305479049682617,0.4623700678348541
v2,record_00029,P-008,location,True,0.5788818001747131,0.48896628618240356
v2,record_00029,P-008,time,True,0.4555182158946991,0.4690871834754944
v2,record_00029,P-008,narrative,True,0.35312965512275696,0.2990947365760803
v2,record_00029,P-008,suspect,True,0.5960438251495361,0.5266770124435425
v2,record_00029,P-008,weapon,False,0.0,0.0
v2,record_00030,P-008,location,True,0.8498914241790771,0.5082839131355286
v2,record_00030,P-008,time,True,0.6110521554946899,0.4343082010746002
v2,record_00030,P-008,narrative,True,0.677132248878479,0.326036274433136
v2,record_00030,P-008,suspect,True,0.5881935954093933,0.5274124145507812
v2,record_00030,P-008,weapon,False,0.0,0.0
v2,record_00031,P-008,location,True,0.5889917612075806,0.4896867275238037
v2,record_00031,P-008,time,True,0.8944321274757385,0.37279197573661804
v2,record_00031,P-008,narrative,False,0.0,0.0
v2,record_00031,P-008,suspect,True,0.767533004283905,0.5105885863304138
v2,record_00031,P-008,weapon,True,0.40558111667633057,0.40362513065338135
v2,record_00032,P-008,location,True,0.4229375123977661,0.47786182165145874
v2,record_00032,P-008,time,False,0.0,0.0
v2,record_00032,P-008,narrative,True,0.7569271326065063,0.3328610360622406
v2,record_00032,P-008,suspect,True,0.6374102830886841,0.5227999687194824
v2,record_00032,P-008,weapon,True,0.41537371277809143,0.40513473749160767
v2,record_00033,P-009,location,True,0.6454367637634277,0.4937094748020172
v2,record_00033,P-009,time,True,0.8932873010635376,0.3730337917804718
v2,record_00033,P-009,narrative,True,0.574118971824646,0.317333847284317
v2,record_00033,P-009,suspect,True,0.5917848348617554,0.5270759463310242
v2,record_00033,P-009,weapon,False,0.0,0.0
v2,record_00034,P-009,location,True,0.4896900951862335,0.48261308670043945
v2,record_00034,P-009,time,True,0.9904638528823853,0.3527442514896393
v2,record_00034,P-009,narrative,True,0.7094679474830627,0.3287932574748993
v2,record_00034,P-009,suspect,False,0.0,0.0
v2,record_00034,P-009,weapon,True,0.6592325568199158,0.4432373046875
v2,record_00035,P-009,location,True,0.39520004391670227,0.4758886992931366
v2,record_00035,P-009,time,True,0.37961345911026,0.48619145154953003
v2,record_00035,P-009,narrative,True,0.76554936170578,0.33360278606414795
v2,record_00035,P-009,suspect,True,0.5837447047233582,0.527829110622406
v2,record_00035,P-009,weapon,False,0.0,0.0
v2,record_00036,P-009,location,True,0.891595184803009,0.5112557411193848
v2,record_00036,P-009,time,True,0.35278499126434326,0.49224674701690674
v2,record_00036,P-009,narrative,True,0.5520622134208679,0.31548675894737244
v2,record_00036,P-009,suspect,True,0.9384304285049438,0.4945337474346161
v2,record_00036,P-009,weapon,True,0.4259262979030609,0.40676355361938477
v2,record_00037,P-010,location,True,0.7475060820579529,0.5009856820106506
v2,record_00037,P-010,time,False,0.0,0.0
v2,record_00037,P-010,narrative,True,0.7006425857543945,0.32803958654403687
v2,record_00037,P-010,suspect,True,0.5209903120994568,0.5337027907371521
v2,record_00037,P-010,weapon,False,0.0,0.0
v2,record_00038,P-010,location,True,0.8135045766830444,0.5056903958320618
v2,record_00038,P-010,time,True,0.85134357213974,0.3819362223148346
v2,record_00038,P-010,narrative,True,0.6612827181816101,0.3246892988681793
v2,record_00038,P-010,suspect,True,0.7998849749565125,0.5075499415397644
v2,record_00038,P-010,weapon,True,0.4573151767253876,0.41162043809890747
v2,record_00039,P-010,location,True,0.4390082061290741,0.4790053367614746
v2,record_00039,P-010,time,True,0.933045506477356,0.36467382311820984
v2,record_00039,P-010,narrative,True,0.9951571226119995,0.3536491096019745
v2,record_00039,P-010,suspect,True,0.8069370985031128,0.5068874955177307
v2,record_00039,P-010,weapon,False,0.0,0.0
v2,record_00040,P-010,location,True,0.9593043327331543,0.5160791277885437
v2,record_00040,P-010,time,True,0.9518488049507141,0.36074796319007874
v2,record_00040,P-010,narrative,True,0.6965097188949585,0.32768696546554565
v2,record_00040,P-010,suspect,True,0.7749859690666199,0.5098885893821716
v2,record_00040,P-010,weapon,True,0.7305479049682617,0.4545288383960724
