model,modality,quality_weight,bias
v1,location,,0.012984761036932468
v1,time,,0.013373957946896553
v1,narrative,,0.009002155624330044
v1,suspect,,0.005399251356720924
v1,weapon,,0.016228828579187393
v11,location,0.2995254397392273,-0.19547729194164276
v11,time,-0.8914979100227356,0.29971447587013245
v11,narrative,0.38952726125717163,-0.9854983687400818
v11,suspect,-0.3710833191871643,0.33596736192703247
v11,weapon,0.6581846475601196,-0.6316402554512024
v2,location,0.2851578891277313,-0.20921462774276733
v2,time,-0.9032489657402039,0.2876371741294861
v2,narrative,0.38717231154441833,-0.9883344769477844
v2,suspect,-0.3758184313774109,0.33081361651420593
v2,weapon,0.6400474905967712,-0.6499740481376648
