epoch,train_loss,validation_pattern_macro_ndcg_at_30,new_best,patience_used,model
1,1.0769215822219849,0.9578408782052419,True,0,v1
2,0.05718060689313071,0.9850329873791521,True,0,v1
3,0.4302167849881308,0.9836333029962634,False,1,v1
4,0.2327070917401995,0.9899519601233999,True,0,v1
5,0.18118204389299666,0.9726155060436087,False,1,v1
6,6.811959605913995e-08,0.9508453996215035,False,2,v1
7,0.0825204189334597,0.9508453996215035,False,3,v1
8,0.03516439029148647,0.9843287177863019,False,4,v1
9,0.01583930424279905,1.0,True,0,v1
10,0.24852861676897323,1.0,False,1,v1
11,0.10188218525451832,1.0,False,2,v1
12,0.45489222649484873,1.0,False,3,v1
13,0.235489227942058,1.0,False,4,v1
14,0.0004903248211901103,1.0,False,5,v1
1,1.2171039410999842,0.9120994121667182,True,0,v11
2,0.1353003638131278,0.9537178710880042,True,0,v11
3,0.46531180824552265,0.9823219860032496,True,0,v11
4,0.30000216619477477,0.9945779972481948,True,0,v11
5,0.03356061662946429,0.9901531997086929,False,1,v11
6,2.3160661320226998e-06,0.9860425139499015,False,2,v11
7,0.01275375937776906,0.98514799620335,False,3,v11
8,0.010681901659284319,0.9901531997086929,False,4,v11
9,0.034769194467246835,1.0,True,0,v11
10,0.2118480588708605,1.0,False,1,v11
11,0.25083248955862864,1.0,False,2,v11
12,0.10052265492933136,1.0,False,3,v11
13,0.006321293834064688,1.0,False,4,v11
14,0.0020548956069563118,1.0,False,5,v11
1,0.032193592616489956,0.9798286809172966,True,0,v2
2,0.053521359605448585,1.0,True,0,v2
3,0.22878476125853403,1.0,False,1,v2
4,0.011429582323476748,1.0,False,2,v2
5,0.02931594742195947,1.0,False,3,v2
6,0.006328651016311986,1.0,False,4,v2
7,0.022096429552350725,1.0,False,5,v2
