record_id,pattern_id,relevant_gallery_records,RECALL@1,NDCG@1,AP@1,RECALL@5,NDCG@5,AP@5,RECALL@10,NDCG@10,AP@10,RECALL@30,NDCG@30,AP@30,model,split
record_00029,P-008,3,0.3333333333333333,1.0,1.0,1.0,1.0,1.0,1.0,1.0,1.0,1.0,1.0,1.0,v1,validation
record_00030,P-008,3,0.3333333333333333,1.0,1.0,1.0,1.0,1.0,1.0,1.0,1.0,1.0,1.0,1.0,v1,validation
record_00031,P-008,3,0.3333333333333333,1.0,1.0,1.0,1.0,1.0,1.0,1.0,1.0,1.0,1.0,1.0,v1,validation
record_00032,P-008,3,0.3333333333333333,1.0,1.0,1.0,1.0,1.0,1.0,1.0,1.0,1.0,1.0,1.0,v1,validation
record_00033,P-009,3,0.3333333333333333,1.0,1.0,1.0,1.0,1.0,1.0,1.0,1.0,1.0,1.0,1.0,v1,validation
record_00034,P-009,3,0.3333333333333333,1.0,1.0,1.0,1.0,1.0,1.0,1.0,1.0,1.0,1.0,1.0,v1,validation
record_00035,P-009,3,0.3333333333333333,1.0,1.0,1.0,1.0,1.0,1.0,1.0,1.0,1.0,1.0,1.0,v1,validation
record_00036,P-009,3,0.3333333333333333,1.0,1.0,1.0,1.0,1.0,1.0,1.0,1.0,1.0,1.0,1.0,v1,validation
record_00037,P-010,3,0.3333333333333333,1.0,1.0,1.0,1.0,1.0,1.0,1.0,1.0,1.0,1.0,1.0,v1,validation
record_00038,P-010,3,0.3333333333333333,1.0,1.0,1.0,1.0,1.0,1.0,1.0,1.0,1.0,1.0,1.0,v1,validation
record_00039,P-010,3,0.3333333333333333,1.0,1.0,1.0,1.0,1.0,1.0,1.0,1.0,1.0,1.0,1.0,v1,validation
record_00040,P-010,3,0.3333333333333333,1.0,1.0,1.0,1.0,1.0,1.0,1.0,1.0,1.0,1.0,1.0,v1,validation
record_00041,P-011,3,0.3333333333333333,1.0,1.0,1.0,1.0,1.0,1.0,1.0,1.0,1.0,1.0,1.0,v1,test
record_00042,P-011,3,0.3333333333333333,1.0,1.0,1.0,1.0,1.0,1.0,1.0,1.0,1.0,1.0,1.0,v1,test
record_00043,P-011,3,0.3333333333333333,1.0,1.0,1.0,1.0,1.0,1.0,1.0,1.0,1.0,1.0,1.0,v1,test
record_00044,P-011,3,0.3333333333333333,1.0,1.0,1.0,1.0,1.0,1.0,1.0,1.0,1.0,1.0,1.0,v1,test
record_00045,P-012,2,0.5,1.0,1.0,1.0,1.0,1.0,1.0,1.0,1.0,1.0,1.0,1.0,v1,test
record_00046,P-012,2,0.5,1.0,1.0,1.0,1.0,1.0,1.0,1.0,1.0,1.0,1.0,1.0,v1,test
record_00047,P-012,2,0.5,1.0,1.0,1.0,1.0,1.0,1.0,1.0,1.0,1.0,1.0,1.0,v1,test
record_00029,P-008,3,0.3333333333333333,1.0,1.0,1.0,1.0,1.0,1.0,1.0,1.0,1.0,1.0,1.0,v11,validation
record_00030,P-008,3,0.3333333333333333,1.0,1.0,1.0,1.0,1.0,1.0,1.0,1.0,1.0,1.0,1.0,v11,validation
record_00031,P-008,3,0.3333333333333333,1.0,1.0,1.0,1.0,1.0,1.0,1.0,1.0,1.0,1.0,1.0,v11,validation
record_00032,P-008,3,0.3333333333333333,1.0,1.0,1.0,1.0,1.0,1.0,1.0,1.0,1.0,1.0,1.0,v11,validation
record_00033,P-009,3,0.3333333333333333,1.0,1.0,1.0,1.0,1.0,1.0,1.0,1.0,1.0,1.0,1.0,v11,validation
record_00034,P-009,3,0.3333333333333333,1.0,1.0,1.0,1.0,1.0,1.0,1.0,1.0,1.0,1.0,1.0,v11,validation
record_00035,P-009,3,0.3333333333333333,1.0,1.0,1.0,1.0,1.0,1.0,1.0,1.0,1.0,1.0,1.0,v11,validation
record_00036,P-009,3,0.3333333333333333,1.0,1.0,1.0,1.0,1.0,1.0,1.0,1.0,1.0,1.0,1.0,v11,validation
record_00037,P-010,3,0.3333333333333333,1.0,1.0,1.0,1.0,1.0,1.0,1.0,1.0,1.0,1.0,1.0,v11,validation
record_00038,P-010,3,0.3333333333333333,1.0,1.0,1.0,1.0,1.0,1.0,1.0,1.0,1.0,1.0,1.0,v11,validation
record_00039,P-010,3,0.3333333333333333,1.0,1.0,1.0,1.0,1.0,1.0,1.0,1.0,1.0,1.0,1.0,v11,validation
record_00040,P-010,3,0.3333333333333333,1.0,1.0,1.0,1.0,1.0,1.0,1.0,1.0,1.0,1.0,1.0,v11,validation
record_00041,P-011,3,0.3333333333333333,1.0,1.0,1.0,1.0,1.0,1.0,1.0,1.0,1.0,1.0,1.0,v11,test
record_00042,P-011,3,0.3333333333333333,1.0,1.0,1.0,1.0,1.0,1.0,1.0,1.0,1.0,1.0,1.0,v11,test
record_00043,P-011,3,0.3333333333333333,1.0,1.0,1.0,1.0,1.0,1.0,1.0,1.0,1.0,1.0,1.0,v11,test
record_00044,P-011,3,0.3333333333333333,1.0,1.0,1.0,1.0,1.0,1.0,1.0,1.0,1.0,1.0,1.0,v11,test
record_00045,P-012,2,0.5,1.0,1.0,1.0,1.0,1.0,1.0,1.0,1.0,1.0,1.0,1.0,v11,test
record_00046,P-012,2,0.5,1.0,1.0,1.0,1.0,1.0,1.0,1.0,1.0,1.0,1.0,1.0,v11,test
record_00047,P-012,2,0.5,1.0,1.0,1.0,1.0,1.0,1.0,1.0,1.0,1.0,1.0,1.0,v11,test
record_00029,P-008,3,0.3333333333333333,1.0,1.0,1.0,1.0,1.0,1.0,1.0,1.0,1.0,1.0,1.0,v2,validation
record_00030,P-008,3,0.3333333333333333,1.0,1.0,1.0,1.0,1.0,1.0,1.0,1.0,1.0,1.0,1.0,v2,validation
record_00031,P-008,3,0.3333333333333333,1.0,1.0,1.0,1.0,1.0,1.0,1.0,1.0,1.0,1.0,1.0,v2,validation
record_00032,P-008,3,0.3333333333333333,1.0,1.0,1.0,1.0,1.0,1.0,1.0,1.0,1.0,1.0,1.0,v2,validation
record_00033,P-009,3,0.3333333333333333,1.0,1.0,1.0,1.0,1.0,1.0,1.0,1.0,1.0,1.0,1.0,v2,validation
record_00034,P-009,3,0.3333333333333333,1.0,1.0,1.0,1.0,1.0,1.0,1.0,1.0,1.0,1.0,1.0,v2,validation
record_00035,P-009,3,0.3333333333333333,1.0,1.0,1.0,1.0,1.0,1.0,1.0,1.0,1.0,1.0,1.0,v2,validation
record_00036,P-009,3,0.3333333333333333,1.0,1.0,1.0,1.0,1.0,1.0,1.0,1.0,1.0,1.0,1.0,v2,validation
record_00037,P-010,3,0.3333333333333333,1.0,1.0,1.0,1.0,1.0,1.0,1.0,1.0,1.0,1.0,1.0,v2,validation
record_00038,P-010,3,0.3333333333333333,1.0,1.0,1.0,1.0,1.0,1.0,1.0,1.0,1.0,1.0,1.0,v2,validation
record_00039,P-010,3,0.3333333333333333,1.0,1.0,1.0,1.0,1.0,1.0,1.0,1.0,1.0,1.0,1.0,v2,validation
record_00040,P-010,3,0.3333333333333333,1.0,1.0,1.0,1.0,1.0,1.0,1.0,1.0,1.0,1.0,1.0,v2,validation
record_00041,P-011,3,0.3333333333333333,1.0,1.0,1.0,1.0,1.0,1.0,1.0,1.0,1.0,1.0,1.0,v2,test
record_00042,P-011,3,0.3333333333333333,1.0,1.0,1.0,1.0,1.0,1.0,1.0,1.0,1.0,1.0,1.0,v2,test
record_00043,P-011,3,0.3333333333333333,1.0,1.0,1.0,1.0,1.0,1.0,1.0,1.0,1.0,1.0,1.0,v2,test
record_00044,P-011,3,0.3333333333333333,1.0,1.0,1.0,1.0,1.0,1.0,1.0,1.0,1.0,1.0,1.0,v2,test
record_00045,P-012,2,0.5,1.0,1.0,1.0,1.0,1.0,1.0,1.0,1.0,1.0,1.0,1.0,v2,test
record_00046,P-012,2,0.5,1.0,1.0,1.0,1.0,1.0,1.0,1.0,1.0,1.0,1.0,1.0,v2,test
record_00047,P-012,2,0.5,1.0,1.0,1.0,1.0,1.0,1.0,1.0,1.0,1.0,1.0,1.0,v2,test
record_00029,P-008,3,0.0,0.0,0.0,0.3333333333333333,0.23463936301137822,0.1111111111111111,1.0,0.511558309303655,0.2851851851851852,1.0,0.511558309303655,0.2851851851851852,mask_only,validation
record_00030,P-008,3,0.0,0.0,0.0,0.3333333333333333,0.18154179253735267,0.06666666666666667,1.0,0.47084972088011423,0.2611111111111111,1.0,0.47084972088011423,0.2611111111111111,mask_only,validation
record_00031,P-008,3,0.0,0.0,0.0,0.6666666666666666,0.38364913903790027,0.21666666666666667,1.0,0.5316900945208328,0.3416666666666666,1.0,0.5316900945208328,0.3416666666666666,mask_only,validation
record_00032,P-008,3,0.0,0.0,0.0,0.6666666666666666,0.38364913903790027,0.21666666666666667,1.0,0.5249161118977292,0.3277777777777778,1.0,0.5249161118977292,0.3277777777777778,mask_only,validation
record_00033,P-009,3,0.0,0.0,0.0,0.3333333333333333,0.20210734650054757,0.08333333333333333,0.6666666666666666,0.36926780146674987,0.19444444444444442,1.0,0.500169791634947,0.2853535353535353,mask_only,validation
record_00034,P-009,3,0.3333333333333333,1.0,1.0,0.3333333333333333,0.46927872602275644,0.3333333333333333,1.0,0.7669719408901708,0.5396825396825397,1.0,0.7669719408901708,0.5396825396825397,mask_only,validation
record_00035,P-009,3,0.0,0.0,0.0,0.3333333333333333,0.2960819109658652,0.16666666666666666,1.0,0.5988943393645153,0.37777777777777777,1.0,0.5988943393645153,0.37777777777777777,mask_only,validation
record_00036,P-009,3,0.0,0.0,0.0,0.0,0.0,0.0,1.0,0.4648536698336167,0.26190476190476186,1.0,0.4648536698336167,0.26190476190476186,mask_only,validation
record_00037,P-010,3,0.0,0.0,0.0,0.3333333333333333,0.23463936301137822,0.1111111111111111,1.0,0.5239472913541398,0.3055555555555555,1.0,0.5239472913541398,0.3055555555555555,mask_only,validation
record_00038,P-010,3,0.0,0.0,0.0,0.3333333333333333,0.2960819109658652,0.16666666666666666,0.6666666666666666,0.431733884398313,0.2333333333333333,1.0,0.5626358745665102,0.3242424242424242,mask_only,validation
record_00039,P-010,3,0.0,0.0,0.0,0.3333333333333333,0.18154179253735267,0.06666666666666667,1.0,0.4860089900278708,0.28690476190476194,1.0,0.4860089900278708,0.28690476190476194,mask_only,validation
record_00040,P-010,3,0.0,0.0,0.0,0.3333333333333333,0.2960819109658652,0.16666666666666666,0.6666666666666666,0.431733884398313,0.2333333333333333,1.0,0.5626358745665102,0.3242424242424242,mask_only,validation
record_00041,P-011,3,0.3333333333333333,1.0,1.0,1.0,1.0,1.0,1.0,1.0,1.0,1.0,1.0,1.0,mask_only,test
record_00042,P-011,3,0.3333333333333333,1.0,1.0,1.0,1.0,1.0,1.0,1.0,1.0,1.0,1.0,1.0,mask_only,test
record_00043,P-011,3,0.3333333333333333,1.0,1.0,1.0,0.9060254355346823,0.8055555555555555,1.0,0.9060254355346823,0.8055555555555555,1.0,0.9060254355346823,0.8055555555555555,mask_only,test
record_00044,P-011,3,0.3333333333333333,1.0,1.0,1.0,0.9060254355346823,0.8055555555555555,1.0,0.9060254355346823,0.8055555555555555,1.0,0.9060254355346823,0.8055555555555555,mask_only,test
record_00045,P-012,2,0.0,0.0,0.0,1.0,0.5706417189553201,0.41666666666666663,1.0,0.5706417189553201,0.41666666666666663,1.0,0.5706417189553201,0.41666666666666663,mask_only,test
record_00046,P-012,2,0.5,1.0,1.0,1.0,0.8772153153380493,0.75,1.0,0.8772153153380493,0.75,1.0,0.8772153153380493,0.75,mask_only,test
record_00047,P-012,2,0.0,0.0,0.0,0.5,0.23719771276929622,0.1,1.0,0.45560514958746035,0.26666666666666666,1.0,0.45560514958746035,0.26666666666666666,mask_only,test
