pattern_id,RECALL@1,NDCG@1,AP@1,RECALL@5,NDCG@5,AP@5,RECALL@10,NDCG@10,AP@10,RECALL@30,NDCG@30,AP@30,model,split
P-008,0.3333333333333333,1.0,1.0,1.0,1.0,1.0,1.0,1.0,1.0,1.0,1.0,1.0,v1,validation
P-009,0.3333333333333333,1.0,1.0,1.0,1.0,1.0,1.0,1.0,1.0,1.0,1.0,1.0,v1,validation
P-010,0.3333333333333333,1.0,1.0,1.0,1.0,1.0,1.0,1.0,1.0,1.0,1.0,1.0,v1,validation
P-011,0.3333333333333333,1.0,1.0,1.0,1.0,1.0,1.0,1.0,1.0,1.0,1.0,1.0,v1,test
P-012,0.5,1.0,1.0,1.0,1.0,1.0,1.0,1.0,1.0,1.0,1.0,1.0,v1,test
P-008,0.3333333333333333,1.0,1.0,1.0,1.0,1.0,1.0,1.0,1.0,1.0,1.0,1.0,v11,validation
P-009,0.3333333333333333,1.0,1.0,1.0,1.0,1.0,1.0,1.0,1.0,1.0,1.0,1.0,v11,validation
P-010,0.3333333333333333,1.0,1.0,1.0,1.0,1.0,1.0,1.0,1.0,1.0,1.0,1.0,v11,validation
P-011,0.3333333333333333,1.0,1.0,1.0,1.0,1.0,1.0,1.0,1.0,1.0,1.0,1.0,v11,test
P-012,0.5,1.0,1.0,1.0,1.0,1.0,1.0,1.0,1.0,1.0,1.0,1.0,v11,test
P-008,0.3333333333333333,1.0,1.0,1.0,1.0,1.0,1.0,1.0,1.0,1.0,1.0,1.0,v2,validation
P-009,0.3333333333333333,1.0,1.0,1.0,1.0,1.0,1.0,1.0,1.0,1.0,1.0,1.0,v2,validation
P-010,0.3333333333333333,1.0,1.0,1.0,1.0,1.0,1.0,1.0,1.0,1.0,1.0,1.0,v2,validation
P-011,0.3333333333333333,1.0,1.0,1.0,1.0,1.0,1.0,1.0,1.0,1.0,1.0,1.0,v2,test
P-012,0.5,1.0,1.0,1.0,1.0,1.0,1.0,1.0,1.0,1.0,1.0,1.0,v2,test
P-008,0.0,0.0,0.0,0.5,0.29586985840613284,0.1527777777777778,1.0,0.5097535591505828,0.3039351851851852,1.0,0.5097535591505828,0.3039351851851852,mask_only,validation
P-009,0.08333333333333333,0.25,0.25,0.25,0.24186699587229232,0.14583333333333331,0.9166666666666666,0.5499969378887631,0.34345238095238095,1.0,0.5827224354308125,0.36617965367965366,mask_only,validation
P-010,0.0,0.0,0.0,0.3333333333333333,0.25208624437011534,0.12777777777777777,0.8333333333333333,0.46835601254465914,0.26478174603174603,1.0,0.5338070076287578,0.3102362914862915,mask_only,validation
P-011,0.3333333333333333,1.0,1.0,1.0,0.9530127177673411,0.9027777777777777,1.0,0.9530127177673411,0.9027777777777777,1.0,0.9530127177673411,0.9027777777777777,mask_only,test
P-012,0.16666666666666666,0.3333333333333333,0.3333333333333333,0.8333333333333334,0.5616849156875552,0.4222222222222222,1.0,0.6344873946269433,0.4777777777777778,1.0,0.6344873946269433,0.4777777777777778,mask_only,test
