model,split,query_record_id,query_pattern_id,rank,candidate_record_id,candidate_pattern_id,cosine_similarity,relevant_same_pattern
v1,validation,record_00029,P-008,1,record_00030,P-008,0.9864236116409302,True
v1,validation,record_00029,P-008,2,record_00032,P-008,0.9656805992126465,True
v1,validation,record_00029,P-008,3,record_00031,P-008,0.9349731802940369,True
v1,validation,record_00029,P-008,4,record_00039,P-010,0.2886804938316345,False
v1,validation,record_00029,P-008,5,record_00038,P-010,0.18465472757816315,False
v1,validation,record_00029,P-008,6,record_00040,P-010,0.15458539128303528,False
v1,validation,record_00029,P-008,7,record_00037,P-010,0.05114045739173889,False
v1,validation,record_00029,P-008,8,record_00036,P-009,-0.004013214260339737,False
v11,validation,record_00029,P-008,1,record_00030,P-008,0.9919456839561462,True
v11,validation,record_00029,P-008,2,record_00032,P-008,0.9801485538482666,True
v11,validation,record_00029,P-008,3,record_00031,P-008,0.9749810695648193,True
v11,validation,record_00029,P-008,4,record_00039,P-010,0.19954022765159607,False
v11,validation,record_00029,P-008,5,record_00038,P-010,0.14586319029331207,False
v11,validation,record_00029,P-008,6,record_00034,P-009,0.08231190592050552,False
v11,validation,record_00029,P-008,7,record_00035,P-009,0.019838005304336548,False
v11,validation,record_00029,P-008,8,record_00040,P-010,-0.014014370739459991,False
v2,validation,record_00029,P-008,1,record_00030,P-008,0.9794032573699951,True
v2,validation,record_00029,P-008,2,record_00032,P-008,0.9494962692260742,True
v2,validation,record_00029,P-008,3,record_00031,P-008,0.9194337129592896,True
v2,validation,record_00029,P-008,4,record_00039,P-010,-0.09788483381271362,False
v2,validation,record_00029,P-008,5,record_00038,P-010,-0.29082435369491577,False
v2,validation,record_00029,P-008,6,record_00040,P-010,-0.3989453911781311,False
v2,validation,record_00029,P-008,7,record_00037,P-010,-0.5017838478088379,False
v2,validation,record_00029,P-008,8,record_00033,P-009,-0.701604962348938,False
